CODE,NAME
C0001,청운효자동
C0002,사직동
C0003,삼청동
C0004,부암동
C0005,평창동
C0006,무악동
C0007,교남동
C0008,가회동
C0009,종로1.2.3.4가동
C0010,종로5.6가동
C0011,이화동
C0012,혜화동
C0013,창신제1동
C0014,창신제2동
C0015,창신제3동
C0016,숭인제1동
C0017,숭인제2동
C0018,소공동
C0019,회현동
C0020,명동
C0021,필동
C0022,장충동
C0023,광희동
C0024,을지로동
C0025,신당동
C0026,다산동
C0027,약수동
C0028,청구동
C0029,신당제5동
C0030,동화동
C0031,황학동
C0032,중림동
C0033,후암동
C0034,용산2가동
C0035,남영동
C0036,청파동
C0037,원효로제1동
C0038,원효로제2동
C0039,효창동
C0040,용문동
C0041,한강로동
C0042,이촌제1동
C0043,이촌제2동
C0044,이태원제1동
C0045,이태원제2동
C0046,한남동
C0047,서빙고동
C0048,보광동
C0049,왕십리제2동
C0050,왕십리도선동
C0051,마장동
C0052,사근동
C0053,행당제1동
C0054,행당제2동
C0055,응봉동
C0056,금호1가동
C0057,금호2.3가동
C0058,금호4가동
C0059,옥수동
C0060,성수1가제1동
C0061,성수1가제2동
C0062,성수2가제1동
C0063,성수2가제3동
C0064,송정동
C0065,용답동
C0066,화양동
C0067,군자동
C0068,중곡제1동
C0069,중곡제2동
C0070,중곡제3동
C0071,중곡제4동
C0072,능동
C0073,광장동
C0074,자양제1동
C0075,자양제2동
C0076,자양제3동
C0077,자양제4동
C0078,구의제1동
C0079,구의제2동
C0080,구의제3동
C0081,용신동
C0082,제기동
C0083,전농제1동
C0084,전농제2동
C0085,답십리제1동
C0086,답십리제2동
C0087,장안제1동
C0088,장안제2동
C0089,청량리동
C0090,회기동
C0091,휘경제1동
C0092,휘경제2동
C0093,이문제1동
C0094,이문제2동
C0095,면목제2동
C0096,면목제4동
C0097,면목제5동
C0098,면목본동
C0099,면목제7동
C0100,면목제3.8동
C0101,상봉제1동
C0102,상봉제2동
C0103,중화제1동
C0104,중화제2동
C0105,묵제1동
C0106,묵제2동
C0107,망우본동
C0108,망우제3동
C0109,신내1동
C0110,신내2동
C0111,성북동
C0112,삼선동
C0113,동선동
C0114,돈암제1동
C0115,돈암제2동
C0116,안암동
C0117,보문동
C0118,정릉제1동
C0119,정릉제2동
C0120,정릉제3동
C0121,정릉제4동
C0122,길음제1동
C0123,길음제2동
C0124,종암동
C0125,월곡제1동
C0126,월곡제2동
C0127,장위제1동
C0128,장위제2동
C0129,장위제3동
C0130,석관동
C0131,삼양동
C0132,미아동
C0133,송중동
C0134,송천동
C0135,삼각산동
C0136,번제1동
C0137,번제2동
C0138,번제3동
C0139,수유제1동
C0140,수유제2동
C0141,수유제3동
C0142,우이동
C0143,인수동
C0144,창제1동
C0145,창제2동
C0146,창제3동
C0147,창제4동
C0148,창제5동
C0149,도봉제1동
C0150,도봉제2동
C0151,쌍문제1동
C0152,쌍문제2동
C0153,쌍문제3동
C0154,쌍문제4동
C0155,방학제1동
C0156,방학제2동
C0157,방학제3동
C0158,월계1동
C0159,월계2동
C0160,월계3동
C0161,공릉1동
C0162,공릉2동
C0163,하계1동
C0164,하계2동
C0165,중계본동
C0166,중계1동
C0167,중계4동
C0168,중계2.3동
C0169,상계1동
C0170,상계2동
C0171,상계3.4동
C0172,상계5동
C0173,상계6.7동
C0174,상계8동
C0175,상계9동
C0176,상계10동
C0177,녹번동
C0178,불광제1동
C0179,불광제2동
C0180,갈현제1동
C0181,갈현제2동
C0182,구산동
C0183,대조동
C0184,응암제1동
C0185,응암제2동
C0186,응암제3동
C0187,역촌동
C0188,신사제1동
C0189,신사제2동
C0190,증산동
C0191,수색동
C0192,진관동
C0193,천연동
C0194,북아현동
C0195,충현동
C0196,신촌동
C0197,연희동
C0198,홍제제1동
C0199,홍제제3동
C0200,홍제제2동
C0201,홍은제1동
C0202,홍은제2동
C0203,남가좌제1동
C0204,남가좌제2동
C0205,북가좌제1동
C0206,북가좌제2동
C0207,아현동
C0208,공덕동
C0209,도화동
C0210,용강동
C0211,대흥동
C0212,염리동
C0213,신수동
C0214,서강동
C0215,서교동
C0216,합정동
C0217,망원제1동
C0218,망원제2동
C0219,연남동
C0220,성산제1동
C0221,성산제2동
C0222,상암동
C0223,목1동
C0224,목2동
C0225,목3동
C0226,목4동
C0227,목5동
C0228,신월1동
C0229,신월2동
C0230,신월3동
C0231,신월4동
C0232,신월5동
C0233,신월6동
C0234,신월7동
C0235,신정1동
C0236,신정2동
C0237,신정3동
C0238,신정4동
C0239,신정6동
C0240,신정7동
C0241,염창동
C0242,등촌제1동
C0243,등촌제2동
C0244,등촌제3동
C0245,화곡제1동
C0246,화곡제2동
C0247,화곡제3동
C0248,화곡제4동
C0249,화곡본동
C0250,화곡제6동
C0251,화곡제8동
C0252,가양제1동
C0253,가양제2동
C0254,가양제3동
C0255,발산제1동
C0256,우장산동
C0257,공항동
C0258,방화제1동
C0259,방화제2동
C0260,방화제3동
C0261,신도림동
C0262,구로제1동
C0263,구로제2동
C0264,구로제3동
C0265,구로제4동
C0266,구로제5동
C0267,가리봉동
C0268,고척제1동
C0269,고척제2동
C0270,개봉제1동
C0271,개봉제2동
C0272,개봉제3동
C0273,오류제1동
C0274,오류제2동
C0275,수궁동
C0276,가산동
C0277,독산제1동
C0278,독산제2동
C0279,독산제3동
C0280,독산제4동
C0281,시흥제1동
C0282,시흥제2동
C0283,시흥제3동
C0284,시흥제4동
C0285,시흥제5동
C0286,영등포본동
C0287,영등포동
C0288,여의동
C0289,당산제1동
C0290,당산제2동
C0291,도림동
C0292,문래동
C0293,양평제1동
C0294,양평제2동
C0295,신길제1동
C0296,신길제3동
C0297,신길제4동
C0298,신길제5동
C0299,신길제6동
C0300,신길제7동
C0301,대림제1동
C0302,대림제2동
C0303,대림제3동
C0304,노량진제1동
C0305,노량진제2동
C0306,상도제1동
C0307,상도제2동
C0308,상도제3동
C0309,상도제4동
C0310,흑석동
C0311,사당제1동
C0312,사당제2동
C0313,사당제3동
C0314,사당제4동
C0315,사당제5동
C0316,대방동
C0317,신대방제1동
C0318,신대방제2동
C0319,보라매동
C0320,청림동
C0321,성현동
C0322,행운동
C0323,낙성대동
C0324,청룡동
C0325,은천동
C0326,중앙동
C0327,인헌동
C0328,남현동
C0329,서원동
C0330,신원동
C0331,서림동
C0332,신사동
C0333,신림동
C0334,난향동
C0335,조원동
C0336,대학동
C0337,삼성동
C0338,미성동
C0339,난곡동
C0340,서초1동
C0341,서초2동
C0342,서초3동
C0343,서초4동
C0344,잠원동
C0345,반포본동
C0346,반포1동
C0347,반포2동
C0348,반포3동
C0349,반포4동
C0350,방배본동
C0351,방배1동
C0352,방배2동
C0353,방배3동
C0354,방배4동
C0355,양재1동
C0356,양재2동
C0357,내곡동
C0358,신사동
C0359,논현1동
C0360,논현2동
C0361,압구정동
C0362,청담동
C0363,삼성1동
C0364,삼성2동
C0365,대치1동
C0366,대치2동
C0367,대치4동
C0368,역삼1동
C0369,역삼2동
C0370,도곡1동
C0371,도곡2동
C0372,개포1동
C0373,개포2동
C0374,개포4동
C0375,세곡동
C0376,일원본동
C0377,일원1동
C0378,일원2동
C0379,수서동
C0380,풍납1동
C0381,풍납2동
C0382,거여1동
C0383,거여2동
C0384,마천1동
C0385,마천2동
C0386,방이1동
C0387,방이2동
C0388,오륜동
C0389,오금동
C0390,송파1동
C0391,송파2동
C0392,석촌동
C0393,삼전동
C0394,가락본동
C0395,가락1동
C0396,가락2동
C0397,문정1동
C0398,문정2동
C0399,장지동
C0400,위례동
C0401,잠실본동
C0402,잠실2동
C0403,잠실3동
C0404,잠실4동
C0405,잠실6동
C0406,잠실7동
C0407,강일동
C0408,상일동
C0409,명일제1동
C0410,명일제2동
C0411,고덕제1동
C0412,고덕제2동
C0413,암사제1동
C0414,암사제2동
C0415,암사제3동
C0416,천호제1동
C0417,천호제2동
C0418,천호제3동
C0419,성내제1동
C0420,성내제2동
C0421,성내제3동
C0422,길동
C0423,둔촌제1동
C0424,둔촌제2동
C0425,중앙동
C0426,동광동
C0427,대청동
C0428,보수동
C0429,부평동
C0430,광복동
C0431,남포동
C0432,영주제1동
C0433,영주제2동
C0434,동대신제1동
C0435,동대신제2동
C0436,동대신제3동
C0437,서대신제1동
C0438,서대신제3동
C0439,서대신제4동
C0440,부민동
C0441,아미동
C0442,초장동
C0443,충무동
C0444,남부민제1동
C0445,남부민제2동
C0446,암남동
C0447,초량제1동
C0448,초량제2동
C0449,초량제3동
C0450,초량제6동
C0451,수정제1동
C0452,수정제2동
C0453,수정제4동
C0454,수정제5동
C0455,좌천동
C0456,범일제1동
C0457,범일제2동
C0458,범일제5동
C0459,남항동
C0460,영선제1동
C0461,영선제2동
C0462,신선동
C0463,봉래제1동
C0464,봉래제2동
C0465,청학제1동
C0466,청학제2동
C0467,동삼제1동
C0468,동삼제2동
C0469,동삼제3동
C0470,부전제1동
C0471,부전제2동
C0472,연지동
C0473,초읍동
C0474,양정제1동
C0475,양정제2동
C0476,전포제1동
C0477,전포제2동
C0478,부암제1동
C0479,부암제3동
C0480,당감제1동
C0481,당감제2동
C0482,당감제4동
C0483,가야제1동
C0484,가야제2동
C0485,개금제1동
C0486,개금제2동
C0487,개금제3동
C0488,범천제1동
C0489,범천제2동
C0490,수민동
C0491,복산동
C0492,명륜동
C0493,온천제1동
C0494,온천제2동
C0495,온천제3동
C0496,사직제1동
C0497,사직제2동
C0498,사직제3동
C0499,안락제1동
C0500,안락제2동
C0501,명장제1동
C0502,명장제2동
C0503,대연제1동
C0504,대연제3동
C0505,대연제4동
C0506,대연제5동
C0507,대연제6동
C0508,용호제1동
C0509,용호제2동
C0510,용호제3동
C0511,용호제4동
C0512,용당동
C0513,감만제1동
C0514,감만제2동
C0515,우암동
C0516,문현제1동
C0517,문현제2동
C0518,문현제3동
C0519,문현제4동
C0520,구포제1동
C0521,구포제2동
C0522,구포제3동
C0523,금곡동
C0524,화명제1동
C0525,화명제2동
C0526,화명제3동
C0527,덕천제1동
C0528,덕천제2동
C0529,덕천제3동
C0530,만덕제1동
C0531,만덕제2동
C0532,만덕제3동
C0533,우제1동
C0534,우제2동
C0535,우제3동
C0536,중제1동
C0537,중제2동
C0538,좌제1동
C0539,좌제2동
C0540,좌제3동
C0541,좌제4동
C0542,송정동
C0543,반여제1동
C0544,반여제2동
C0545,반여제3동
C0546,반여제4동
C0547,반송제1동
C0548,반송제2동
C0549,재송제1동
C0550,재송제2동
C0551,괴정제1동
C0552,괴정제2동
C0553,괴정제3동
C0554,괴정제4동
C0555,당리동
C0556,하단제1동
C0557,하단제2동
C0558,신평제1동
C0559,신평제2동
C0560,장림제1동
C0561,장림제2동
C0562,다대제1동
C0563,다대제2동
C0564,구평동
C0565,감천제1동
C0566,감천제2동
C0567,서제1동
C0568,서제2동
C0569,서제3동
C0570,금사동
C0571,부곡제1동
C0572,부곡제2동
C0573,부곡제3동
C0574,부곡제4동
C0575,장전제1동
C0576,장전제2동
C0577,장전제3동
C0578,선두구동
C0579,청룡노포동
C0580,남산동
C0581,구서제1동
C0582,구서제2동
C0583,금성동
C0584,대저1동
C0585,대저2동
C0586,강동동
C0587,명지동
C0588,가락동
C0589,녹산동
C0590,가덕도동
C0591,거제제1동
C0592,거제제2동
C0593,거제제3동
C0594,거제제4동
C0595,연산제1동
C0596,연산제2동
C0597,연산제3동
C0598,연산제4동
C0599,연산제5동
C0600,연산제6동
C0601,연산제8동
C0602,연산제9동
C0603,남천제1동
C0604,남천제2동
C0605,수영동
C0606,망미제1동
C0607,망미제2동
C0608,광안제1동
C0609,광안제2동
C0610,광안제3동
C0611,광안제4동
C0612,민락동
C0613,삼락동
C0614,모라제1동
C0615,모라제3동
C0616,덕포제1동
C0617,덕포제2동
C0618,괘법동
C0619,감전동
C0620,주례제1동
C0621,주례제2동
C0622,주례제3동
C0623,학장동
C0624,엄궁동
C0625,기장읍
C0626,장안읍
C0627,일광면
C0628,정관읍
C0629,철마면
C0630,동인동
C0631,삼덕동
C0632,성내1동
C0633,성내2동
C0634,성내3동
C0635,대신동
C0636,남산1동
C0637,남산2동
C0638,남산3동
C0639,남산4동
C0640,대봉1동
C0641,대봉2동
C0642,신암1동
C0643,신암2동
C0644,신암3동
C0645,신암4동
C0646,신암5동
C0647,신천1.2동
C0648,신천3동
C0649,신천4동
C0650,효목1동
C0651,효목2동
C0652,도평동
C0653,불로.봉무동
C0654,지저동
C0655,동촌동
C0656,방촌동
C0657,해안동
C0658,안심1동
C0659,안심2동
C0660,안심3.4동
C0661,공산동
C0662,내당1동
C0663,내당2.3동
C0664,내당4동
C0665,비산1동
C0666,비산2.3동
C0667,비산4동
C0668,비산5동
C0669,비산6동
C0670,비산7동
C0671,평리1동
C0672,평리2동
C0673,평리3동
C0674,평리4동
C0675,평리5동
C0676,평리6동
C0677,상중이동
C0678,원대동
C0679,이천동
C0680,봉덕1동
C0681,봉덕2동
C0682,봉덕3동
C0683,대명1동
C0684,대명2동
C0685,대명3동
C0686,대명4동
C0687,대명5동
C0688,대명6동
C0689,대명9동
C0690,대명10동
C0691,대명11동
C0692,고성동
C0693,칠성동
C0694,침산1동
C0695,침산2동
C0696,침산3동
C0697,산격1동
C0698,산격2동
C0699,산격3동
C0700,산격4동
C0701,대현동
C0702,복현1동
C0703,복현2동
C0704,검단동
C0705,무태조야동
C0706,관문동
C0707,태전1동
C0708,태전2동
C0709,구암동
C0710,관음동
C0711,읍내동
C0712,동천동
C0713,노원동
C0714,국우동
C0715,범어1동
C0716,범어2동
C0717,범어3동
C0718,범어4동
C0719,만촌1동
C0720,만촌2동
C0721,만촌3동
C0722,수성1가동
C0723,수성2.3가동
C0724,수성4가동
C0725,황금1동
C0726,황금2동
C0727,중동
C0728,상동
C0729,파동
C0730,두산동
C0731,지산1동
C0732,지산2동
C0733,범물1동
C0734,범물2동
C0735,고산1동
C0736,고산2동
C0737,고산3동
C0738,성당동
C0739,두류1.2동
C0740,두류3동
C0741,감삼동
C0742,죽전동
C0743,장기동
C0744,용산1동
C0745,용산2동
C0746,이곡1동
C0747,이곡2동
C0748,신당동
C0749,본리동
C0750,월성1동
C0751,월성2동
C0752,진천동
C0753,상인1동
C0754,상인2동
C0755,상인3동
C0756,도원동
C0757,송현1동
C0758,송현2동
C0759,본동
C0760,화원읍
C0761,논공읍
C0762,다사읍
C0763,가창면
C0764,하빈면
C0765,옥포면
C0766,현풍면
C0767,유가면
C0768,구지면
C0769,연안동
C0770,신포동
C0771,신흥동
C0772,도원동
C0773,율목동
C0774,동인천동
C0775,북성동
C0776,송월동
C0777,영종동
C0778,운서동
C0779,용유동
C0780,만석동
C0781,화수1.화평동
C0782,화수2동
C0783,송현1.2동
C0784,송현3동
C0785,송림1동
C0786,송림2동
C0787,송림3.5동
C0788,송림4동
C0789,송림6동
C0790,금창동
C0791,숭의2동
C0792,숭의1
C0793,3동
C0794,숭의4동
C0795,용현1
C0796,4동
C0797,용현2동
C0798,용현3동
C0799,용현5동
C0800,학익1동
C0801,학익2동
C0802,도화1동
C0803,도화2
C0804,3동
C0805,주안1동
C0806,주안2동
C0807,주안3동
C0808,주안4동
C0809,주안5동
C0810,주안6동
C0811,주안7동
C0812,주안8동
C0813,관교동
C0814,문학동
C0815,옥련1동
C0816,옥련2동
C0817,선학동
C0818,연수1동
C0819,연수2동
C0820,연수3동
C0821,청학동
C0822,동춘1동
C0823,동춘2동
C0824,동춘3동
C0825,송도1동
C0826,송도2동
C0827,송도3동
C0828,구월1동
C0829,구월2동
C0830,구월3동
C0831,구월4동
C0832,간석1동
C0833,간석2동
C0834,간석3동
C0835,간석4동
C0836,만수1동
C0837,만수2동
C0838,만수3동
C0839,만수4동
C0840,만수5동
C0841,만수6동
C0842,장수서창동
C0843,남촌도림동
C0844,논현1동
C0845,논현2동
C0846,논현고잔동
C0847,부평1동
C0848,부평2동
C0849,부평3동
C0850,부평4동
C0851,부평5동
C0852,부평6동
C0853,산곡1동
C0854,산곡2동
C0855,산곡3동
C0856,산곡4동
C0857,청천1동
C0858,청천2동
C0859,갈산1동
C0860,갈산2동
C0861,삼산1동
C0862,삼산2동
C0863,부개1동
C0864,부개2동
C0865,부개3동
C0866,일신동
C0867,십정1동
C0868,십정2동
C0869,효성1동
C0870,효성2동
C0871,계산1동
C0872,계산2동
C0873,계산3동
C0874,계산4동
C0875,작전1동
C0876,작전2동
C0877,작전서운동
C0878,계양1동
C0879,계양2동
C0880,계양3동
C0881,검암경서동
C0882,연희동
C0883,청라1동
C0884,청라2동
C0885,청라3동
C0886,가정1동
C0887,가정2동
C0888,가정3동
C0889,석남1동
C0890,석남2동
C0891,석남3동
C0892,신현원창동
C0893,가좌1동
C0894,가좌2동
C0895,가좌3동
C0896,가좌4동
C0897,검단1동
C0898,검단2동
C0899,검단3동
C0900,검단4동
C0901,검단5동
C0902,강화읍
C0903,선원면
C0904,불은면
C0905,길상면
C0906,화도면
C0907,양도면
C0908,내가면
C0909,하점면
C0910,양사면
C0911,송해면
C0912,교동면
C0913,삼산면
C0914,서도면
C0915,북도면
C0916,백령면
C0917,대청면
C0918,덕적면
C0919,영흥면
C0920,자월면
C0921,연평면
C0922,충장동
C0923,동명동
C0924,계림1동
C0925,계림2동
C0926,산수1동
C0927,산수2동
C0928,지산1동
C0929,지산2동
C0930,서남동
C0931,학동
C0932,학운동
C0933,지원1동
C0934,지원2동
C0935,양동
C0936,양3동
C0937,농성1동
C0938,농성2동
C0939,광천동
C0940,유덕동
C0941,치평동
C0942,상무1동
C0943,상무2동
C0944,화정1동
C0945,화정2동
C0946,화정3동
C0947,화정4동
C0948,서창동
C0949,금호1동
C0950,금호2동
C0951,풍암동
C0952,동천동
C0953,양림동
C0954,방림1동
C0955,방림2동
C0956,봉선1동
C0957,봉선2동
C0958,사직동
C0959,월산동
C0960,월산4동
C0961,월산5동
C0962,백운1동
C0963,백운2동
C0964,주월1동
C0965,주월2동
C0966,효덕동
C0967,송암동
C0968,대촌동
C0969,중흥1동
C0970,중흥2동
C0971,중흥3동
C0972,중앙동
C0973,임동
C0974,신안동
C0975,용봉동
C0976,운암1동
C0977,운암2동
C0978,운암3동
C0979,동림동
C0980,우산동
C0981,풍향동
C0982,문화동
C0983,문흥1동
C0984,문흥2동
C0985,두암1동
C0986,두암2동
C0987,두암3동
C0988,삼각동
C0989,일곡동
C0990,매곡동
C0991,오치1동
C0992,오치2동
C0993,석곡동
C0994,건국동
C0995,양산동
C0996,송정1동
C0997,송정2동
C0998,도산동
C0999,신흥동
C1000,어룡동
C1001,우산동
C1002,월곡1동
C1003,월곡2동
C1004,비아동
C1005,첨단1동
C1006,첨단2동
C1007,신가동
C1008,운남동
C1009,수완동
C1010,하남동
C1011,임곡동
C1012,동곡동
C1013,평동
C1014,삼도동
C1015,본량동
C1016,신창동
C1017,중앙동
C1018,효동
C1019,신인동
C1020,판암1동
C1021,판암2동
C1022,용운동
C1023,대동
C1024,자양동
C1025,가양1동
C1026,가양2동
C1027,용전동
C1028,성남동
C1029,홍도동
C1030,삼성동
C1031,대청동
C1032,산내동
C1033,은행선화동
C1034,목동
C1035,중촌동
C1036,대흥동
C1037,문창동
C1038,석교동
C1039,대사동
C1040,부사동
C1041,용두동
C1042,오류동
C1043,태평1동
C1044,태평2동
C1045,유천1동
C1046,유천2동
C1047,문화1동
C1048,문화2동
C1049,산성동
C1050,복수동
C1051,도마1동
C1052,도마2동
C1053,정림동
C1054,변동
C1055,용문동
C1056,탄방동
C1057,괴정동
C1058,가장동
C1059,내동
C1060,갈마1동
C1061,갈마2동
C1062,월평1동
C1063,월평2동
C1064,월평3동
C1065,가수원동
C1066,관저1동
C1067,관저2동
C1068,기성동
C1069,둔산1동
C1070,둔산2동
C1071,만년동
C1072,둔산3동
C1073,진잠동
C1074,온천1동
C1075,온천2동
C1076,노은1동
C1077,노은2동
C1078,노은3동
C1079,신성동
C1080,전민동
C1081,구즉동
C1082,관평동
C1083,원신흥동
C1084,오정동
C1085,대화동
C1086,회덕동
C1087,비래동
C1088,송촌동
C1089,중리동
C1090,신탄진동
C1091,석봉동
C1092,덕암동
C1093,목상동
C1094,법1동
C1095,법2동
C1096,학성동
C1097,반구1동
C1098,반구2동
C1099,복산1동
C1100,복산2동
C1101,중앙동
C1102,우정동
C1103,태화동
C1104,다운동
C1105,병영1동
C1106,병영2동
C1107,약사동
C1108,성안동
C1109,신정1동
C1110,신정2동
C1111,신정3동
C1112,신정4동
C1113,신정5동
C1114,달동
C1115,삼산동
C1116,삼호동
C1117,무거동
C1118,옥동
C1119,대현동
C1120,수암동
C1121,선암동
C1122,야음장생포동
C1123,방어동
C1124,일산동
C1125,화정동
C1126,대송동
C1127,전하1동
C1128,전하2동
C1129,남목1동
C1130,남목2동
C1131,남목3동
C1132,농소1동
C1133,농소2동
C1134,농소3동
C1135,강동동
C1136,효문동
C1137,송정동
C1138,양정동
C1139,염포동
C1140,온산읍
C1141,언양읍
C1142,온양읍
C1143,범서읍
C1144,서생면
C1145,청량면
C1146,웅촌면
C1147,두동면
C1148,두서면
C1149,상북면
C1150,삼남면
C1151,삼동면
C1152,조치원읍
C1153,연기면
C1154,연동면
C1155,부강면
C1156,금남면
C1157,장군면
C1158,연서면
C1159,전의면
C1160,전동면
C1161,소정면
C1162,한솔동
C1163,도담동
C1164,아름동
C1165,종촌동
C1166,고운동
C1167,보람동
C1168,파장동
C1169,율천동
C1170,정자1동
C1171,정자2동
C1172,정자3동
C1173,영화동
C1174,송죽동
C1175,조원1동
C1176,조원2동
C1177,연무동
C1178,세류1동
C1179,세류2동
C1180,세류3동
C1181,평동
C1182,서둔동
C1183,구운동
C1184,금곡동
C1185,호매실동
C1186,권선1동
C1187,권선2동
C1188,곡선동
C1189,입북동
C1190,매교동
C1191,매산동
C1192,고등동
C1193,화서1동
C1194,화서2동
C1195,지동
C1196,우만1동
C1197,우만2동
C1198,인계동
C1199,행궁동
C1200,매탄1동
C1201,매탄2동
C1202,매탄3동
C1203,매탄4동
C1204,원천동
C1205,영통1동
C1206,영통2동
C1207,태장동
C1208,광교1동
C1209,광교2동
C1210,신흥1동
C1211,신흥2동
C1212,신흥3동
C1213,태평1동
C1214,태평2동
C1215,태평3동
C1216,태평4동
C1217,수진1동
C1218,수진2동
C1219,단대동
C1220,산성동
C1221,양지동
C1222,복정동
C1223,위례동
C1224,신촌동
C1225,고등동
C1226,시흥동
C1227,성남동
C1228,중앙동
C1229,금광1동
C1230,금광2동
C1231,은행1동
C1232,은행2동
C1233,상대원1동
C1234,상대원2동
C1235,상대원3동
C1236,하대원동
C1237,도촌동
C1238,분당동
C1239,수내1동
C1240,수내2동
C1241,수내3동
C1242,정자동
C1243,정자1동
C1244,정자2동
C1245,정자3동
C1246,서현1동
C1247,서현2동
C1248,이매1동
C1249,이매2동
C1250,야탑1동
C1251,야탑2동
C1252,야탑3동
C1253,판교동
C1254,삼평동
C1255,백현동
C1256,금곡동
C1257,구미1동
C1258,구미동
C1259,운중동
C1260,의정부1동
C1261,의정부2동
C1262,의정부3동
C1263,호원1동
C1264,호원2동
C1265,장암동
C1266,신곡1동
C1267,신곡2동
C1268,송산1동
C1269,송산2동
C1270,자금동
C1271,가능1동
C1272,흥선동
C1273,녹양동
C1274,안양1동
C1275,안양2동
C1276,안양3동
C1277,안양4동
C1278,안양5동
C1279,안양6동
C1280,안양7동
C1281,안양8동
C1282,안양9동
C1283,석수1동
C1284,석수2동
C1285,석수3동
C1286,박달1동
C1287,박달2동
C1288,비산1동
C1289,비산2동
C1290,비산3동
C1291,부흥동
C1292,달안동
C1293,관양1동
C1294,관양2동
C1295,부림동
C1296,평촌동
C1297,평안동
C1298,귀인동
C1299,호계1동
C1300,호계2동
C1301,호계3동
C1302,범계동
C1303,신촌동
C1304,갈산동
C1305,심곡1동
C1306,심곡2동
C1307,심곡3동
C1308,원미1동
C1309,원미2동
C1310,소사동
C1311,역곡1동
C1312,역곡2동
C1313,춘의동
C1314,도당동
C1315,약대동
C1316,중동
C1317,중1동
C1318,중2동
C1319,중3동
C1320,중4동
C1321,상동
C1322,상1동
C1323,상2동
C1324,상3동
C1325,심곡본1동
C1326,심곡본동
C1327,소사본동
C1328,소사본3동
C1329,범박동
C1330,괴안동
C1331,역곡3동
C1332,송내1동
C1333,송내2동
C1334,성곡동
C1335,원종1동
C1336,원종2동
C1337,고강본동
C1338,고강1동
C1339,오정동
C1340,신흥동
C1341,광명1동
C1342,광명2동
C1343,광명3동
C1344,광명4동
C1345,광명5동
C1346,광명6동
C1347,광명7동
C1348,철산1동
C1349,철산2동
C1350,철산3동
C1351,철산4동
C1352,하안1동
C1353,하안2동
C1354,하안3동
C1355,하안4동
C1356,소하1동
C1357,소하2동
C1358,학온동
C1359,팽성읍
C1360,안중읍
C1361,포승읍
C1362,청북읍
C1363,진위면
C1364,서탄면
C1365,고덕면
C1366,오성면
C1367,현덕면
C1368,중앙동
C1369,서정동
C1370,송탄동
C1371,지산동
C1372,송북동
C1373,신장1동
C1374,신장2동
C1375,신평동
C1376,원평동
C1377,통복동
C1378,비전1동
C1379,비전2동
C1380,세교동
C1381,생연1동
C1382,생연2동
C1383,중앙동
C1384,보산동
C1385,불현동
C1386,송내동
C1387,소요동
C1388,상패동
C1389,일동
C1390,이동
C1391,사동
C1392,사이동
C1393,해양동
C1394,본오1동
C1395,본오2동
C1396,본오3동
C1397,부곡동
C1398,월피동
C1399,성포동
C1400,반월동
C1401,안산동
C1402,와동
C1403,고잔동
C1404,중앙동
C1405,호수동
C1406,원곡동
C1407,백운동
C1408,신길동
C1409,초지동
C1410,선부1동
C1411,선부2동
C1412,선부3동
C1413,대부동
C1414,주교동
C1415,원신동
C1416,흥도동
C1417,성사1동
C1418,성사2동
C1419,효자동
C1420,신도동
C1421,창릉동
C1422,고양동
C1423,관산동
C1424,능곡동
C1425,화정1동
C1426,화정2동
C1427,행주동
C1428,행신1동
C1429,행신2동
C1430,행신3동
C1431,화전동
C1432,대덕동
C1433,식사동
C1434,중산동
C1435,정발산동
C1436,풍산동
C1437,백석1동
C1438,백석2동
C1439,마두1동
C1440,마두2동
C1441,장항1동
C1442,장항2동
C1443,고봉동
C1444,일산1동
C1445,일산2동
C1446,일산3동
C1447,탄현동
C1448,주엽1동
C1449,주엽2동
C1450,대화동
C1451,송포동
C1452,송산동
C1453,중앙동
C1454,갈현동
C1455,별양동
C1456,부림동
C1457,과천동
C1458,문원동
C1459,갈매동
C1460,동구동
C1461,인창동
C1462,교문1동
C1463,교문2동
C1464,수택1동
C1465,수택2동
C1466,수택3동
C1467,와부읍
C1468,진접읍
C1469,화도읍
C1470,진건읍
C1471,오남읍
C1472,별내면
C1473,수동면
C1474,조안면
C1475,퇴계원면
C1476,호평동
C1477,평내동
C1478,금곡동
C1479,양정동
C1480,지금동
C1481,도농동
C1482,별내동
C1483,중앙동
C1484,남촌동
C1485,신장동
C1486,세마동
C1487,초평동
C1488,대원동
C1489,대야동
C1490,신천동
C1491,신현동
C1492,은행동
C1493,매화동
C1494,목감동
C1495,군자동
C1496,월곶동
C1497,정왕본동
C1498,정왕1동
C1499,정왕2동
C1500,정왕3동
C1501,정왕4동
C1502,과림동
C1503,연성동
C1504,장곡동
C1505,능곡동
C1506,군포1동
C1507,군포2동
C1508,산본1동
C1509,산본2동
C1510,금정동
C1511,재궁동
C1512,오금동
C1513,수리동
C1514,궁내동
C1515,대야동
C1516,광정동
C1517,고천동
C1518,부곡동
C1519,오전동
C1520,내손1동
C1521,내손2동
C1522,청계동
C1523,천현동
C1524,신장1동
C1525,신장2동
C1526,덕풍1동
C1527,덕풍2동
C1528,덕풍3동
C1529,풍산동
C1530,감북동
C1531,위례동
C1532,춘궁동
C1533,초이동
C1534,미사1동
C1535,미사2동
C1536,포곡읍
C1537,모현면
C1538,남사면
C1539,이동면
C1540,원삼면
C1541,백암면
C1542,양지면
C1543,중앙동
C1544,역삼동
C1545,유림동
C1546,동부동
C1547,신갈동
C1548,영덕동
C1549,구갈동
C1550,상갈동
C1551,기흥동
C1552,서농동
C1553,구성동
C1554,마북동
C1555,동백동
C1556,상하동
C1557,보정동
C1558,풍덕천1동
C1559,풍덕천2동
C1560,신봉동
C1561,죽전1동
C1562,죽전2동
C1563,동천동
C1564,상현1동
C1565,상현2동
C1566,성복동
C1567,문산읍
C1568,파주읍
C1569,법원읍
C1570,조리읍
C1571,월롱면
C1572,탄현면
C1573,광탄면
C1574,파평면
C1575,적성면
C1576,군내면
C1577,장단면
C1578,진동면
C1579,진서면
C1580,금촌1동
C1581,금촌2동
C1582,금촌3동
C1583,교하동
C1584,운정1동
C1585,운정2동
C1586,운정3동
C1587,장호원읍
C1588,부발읍
C1589,신둔면
C1590,백사면
C1591,호법면
C1592,마장면
C1593,대월면
C1594,모가면
C1595,설성면
C1596,율면
C1597,창전동
C1598,증포동
C1599,중리동
C1600,관고동
C1601,공도읍
C1602,보개면
C1603,금광면
C1604,서운면
C1605,미양면
C1606,대덕면
C1607,양성면
C1608,원곡면
C1609,일죽면
C1610,죽산면
C1611,삼죽면
C1612,고삼면
C1613,안성1동
C1614,안성2동
C1615,안성3동
C1616,통진읍
C1617,고촌읍
C1618,양촌읍
C1619,대곶면
C1620,월곶면
C1621,하성면
C1622,김포본동
C1623,장기본동
C1624,사우동
C1625,풍무동
C1626,장기동
C1627,구래동
C1628,운양동
C1629,봉담읍
C1630,우정읍
C1631,향남읍
C1632,남양읍
C1633,매송면
C1634,비봉면
C1635,마도면
C1636,송산면
C1637,서신면
C1638,팔탄면
C1639,장안면
C1640,양감면
C1641,정남면
C1642,동탄면
C1643,진안동
C1644,병점1동
C1645,병점2동
C1646,반월동
C1647,기배동
C1648,화산동
C1649,동탄1동
C1650,동탄2동
C1651,동탄3동
C1652,동탄4동
C1653,오포읍
C1654,초월읍
C1655,곤지암읍
C1656,도척면
C1657,퇴촌면
C1658,남종면
C1659,남한산성면
C1660,경안동
C1661,송정동
C1662,광남동
C1663,백석읍
C1664,은현면
C1665,남면
C1666,광적면
C1667,장흥면
C1668,양주1동
C1669,양주2동
C1670,회천1동
C1671,회천2동
C1672,회천3동
C1673,회천4동
C1674,소흘읍
C1675,군내면
C1676,내촌면
C1677,가산면
C1678,신북면
C1679,창수면
C1680,영중면
C1681,일동면
C1682,이동면
C1683,영북면
C1684,관인면
C1685,화현면
C1686,포천동
C1687,선단동
C1688,가남읍
C1689,점동면
C1690,흥천면
C1691,금사면
C1692,능서면
C1693,대신면
C1694,북내면
C1695,강천면
C1696,산북면
C1697,여흥동
C1698,중앙동
C1699,오학동
C1700,연천읍
C1701,전곡읍
C1702,군남면
C1703,청산면
C1704,백학면
C1705,미산면
C1706,왕징면
C1707,신서면
C1708,중면
C1709,장남면
C1710,가평읍
C1711,설악면
C1712,청평면
C1713,상면
C1714,조종면
C1715,북면
C1716,양평읍
C1717,강상면
C1718,강하면
C1719,양서면
C1720,옥천면
C1721,서종면
C1722,단월면
C1723,청운면
C1724,양동면
C1725,지평면
C1726,용문면
C1727,개군면
C1728,신북읍
C1729,동면
C1730,동산면
C1731,신동면
C1732,남면
C1733,서면
C1734,사북면
C1735,북산면
C1736,동내면
C1737,남산면
C1738,교동
C1739,조운동
C1740,약사명동
C1741,근화동
C1742,소양동
C1743,후평1동
C1744,후평2동
C1745,후평3동
C1746,효자1동
C1747,효자2동
C1748,효자3동
C1749,석사동
C1750,퇴계동
C1751,강남동
C1752,신사우동
C1753,문막읍
C1754,소초면
C1755,호저면
C1756,지정면
C1757,부론면
C1758,귀래면
C1759,흥업면
C1760,판부면
C1761,신림면
C1762,중앙동
C1763,원인동
C1764,개운동
C1765,명륜1동
C1766,명륜2동
C1767,단구동
C1768,일산동
C1769,학성동
C1770,단계동
C1771,우산동
C1772,태장1동
C1773,태장2동
C1774,봉산동
C1775,행구동
C1776,무실동
C1777,반곡관설동
C1778,주문진읍
C1779,성산면
C1780,왕산면
C1781,구정면
C1782,강동면
C1783,옥계면
C1784,사천면
C1785,연곡면
C1786,홍제동
C1787,중앙동
C1788,옥천동
C1789,교1동
C1790,교2동
C1791,포남1동
C1792,포남2동
C1793,초당동
C1794,송정동
C1795,내곡동
C1796,강남동
C1797,성덕동
C1798,경포동
C1799,천곡동
C1800,송정동
C1801,북삼동
C1802,부곡동
C1803,동호동
C1804,발한동
C1805,묵호동
C1806,북평동
C1807,망상동
C1808,삼화동
C1809,황지동
C1810,황연동
C1811,삼수동
C1812,상장동
C1813,문곡소도동
C1814,장성동
C1815,구문소동
C1816,철암동
C1817,영랑동
C1818,동명동
C1819,금호동
C1820,교동
C1821,노학동
C1822,조양동
C1823,청호동
C1824,대포동
C1825,도계읍
C1826,원덕읍
C1827,근덕면
C1828,하장면
C1829,노곡면
C1830,미로면
C1831,가곡면
C1832,신기면
C1833,남양동
C1834,교동
C1835,정라동
C1836,성내동
C1837,홍천읍
C1838,화촌면
C1839,두촌면
C1840,내촌면
C1841,서석면
C1842,동면
C1843,남면
C1844,서면
C1845,북방면
C1846,내면
C1847,횡성읍
C1848,우천면
C1849,안흥면
C1850,둔내면
C1851,갑천면
C1852,청일면
C1853,공근면
C1854,서원면
C1855,강림면
C1856,영월읍
C1857,상동읍
C1858,중동면
C1859,김삿갓면
C1860,북면
C1861,남면
C1862,한반도면
C1863,주천면
C1864,무릉도원면
C1865,평창읍
C1866,미탄면
C1867,방림면
C1868,대화면
C1869,봉평면
C1870,용평면
C1871,진부면
C1872,대관령면
C1873,정선읍
C1874,고한읍
C1875,사북읍
C1876,신동읍
C1877,남면
C1878,북평면
C1879,임계면
C1880,화암면
C1881,여량면
C1882,철원읍
C1883,김화읍
C1884,갈말읍
C1885,동송읍
C1886,서면
C1887,근남면
C1888,근북면
C1889,근동면
C1890,원동면
C1891,원남면
C1892,임남면
C1893,화천읍
C1894,간동면
C1895,하남면
C1896,상서면
C1897,사내면
C1898,양구읍
C1899,남면
C1900,동면
C1901,방산면
C1902,해안면
C1903,인제읍
C1904,남면
C1905,북면
C1906,기린면
C1907,서화면
C1908,상남면
C1909,간성읍
C1910,거진읍
C1911,현내면
C1912,죽왕면
C1913,토성면
C1914,수동면
C1915,양양읍
C1916,서면
C1917,손양면
C1918,현북면
C1919,현남면
C1920,강현면
C1921,낭성면
C1922,미원면
C1923,가덕면
C1924,남일면
C1925,문의면
C1926,중앙동
C1927,성안동
C1928,탑대성동
C1929,영운동
C1930,금천동
C1931,용담.명암.산성동
C1932,용암1동
C1933,용암2동
C1934,남이면
C1935,현도면
C1936,사직1동
C1937,사직2동
C1938,사창동
C1939,모충동
C1940,산남동
C1941,분평동
C1942,수곡1동
C1943,수곡2동
C1944,성화.개신.죽림동
C1945,오송읍
C1946,강내면
C1947,옥산면
C1948,운천.신봉동
C1949,복대1동
C1950,복대2동
C1951,가경동
C1952,봉명1동
C1953,봉명2.송정동
C1954,강서제1동
C1955,강서제2동
C1956,내수읍
C1957,오창읍
C1958,북이면
C1959,우암동
C1960,내덕1동
C1961,내덕2동
C1962,율량.사천동
C1963,오근장동
C1964,주덕읍
C1965,살미면
C1966,수안보면
C1967,대소원면
C1968,신니면
C1969,노은면
C1970,앙성면
C1971,중앙탑면
C1972,금가면
C1973,동량면
C1974,산척면
C1975,엄정면
C1976,소태면
C1977,성내.충인동
C1978,교현.안림동
C1979,교현2동
C1980,용산동
C1981,지현동
C1982,문화동
C1983,호암.직동
C1984,달천동
C1985,봉방동
C1986,칠금.금릉동
C1987,연수동
C1988,목행.용탄동
C1989,봉양읍
C1990,금성면
C1991,청풍면
C1992,수산면
C1993,덕산면
C1994,한수면
C1995,백운면
C1996,송학면
C1997,교동
C1998,의림지동
C1999,중앙동
C2000,남현동
C2001,영서동
C2002,용두동
C2003,신백동
C2004,청전동
C2005,화산동
C2006,보은읍
C2007,속리산면
C2008,장안면
C2009,마로면
C2010,탄부면
C2011,삼승면
C2012,수한면
C2013,회남면
C2014,회인면
C2015,내북면
C2016,산외면
C2017,옥천읍
C2018,동이면
C2019,안남면
C2020,안내면
C2021,청성면
C2022,청산면
C2023,이원면
C2024,군서면
C2025,군북면
C2026,영동읍
C2027,용산면
C2028,황간면
C2029,추풍령면
C2030,매곡면
C2031,상촌면
C2032,양강면
C2033,용화면
C2034,학산면
C2035,양산면
C2036,심천면
C2037,증평읍
C2038,도안면
C2039,진천읍
C2040,덕산면
C2041,초평면
C2042,문백면
C2043,백곡면
C2044,이월면
C2045,광혜원면
C2046,괴산읍
C2047,감물면
C2048,장연면
C2049,연풍면
C2050,칠성면
C2051,문광면
C2052,청천면
C2053,청안면
C2054,사리면
C2055,소수면
C2056,불정면
C2057,음성읍
C2058,금왕읍
C2059,소이면
C2060,원남면
C2061,맹동면
C2062,대소면
C2063,삼성면
C2064,생극면
C2065,감곡면
C2066,단양읍
C2067,매포읍
C2068,대강면
C2069,가곡면
C2070,영춘면
C2071,어상천면
C2072,적성면
C2073,단성면
C2074,목천읍
C2075,풍세면
C2076,광덕면
C2077,북면
C2078,성남면
C2079,수신면
C2080,병천면
C2081,동면
C2082,중앙동
C2083,문성동
C2084,원성1동
C2085,원성2동
C2086,봉명동
C2087,일봉동
C2088,신방동
C2089,청룡동
C2090,신안동
C2091,성환읍
C2092,성거읍
C2093,직산읍
C2094,입장면
C2095,성정1동
C2096,성정2동
C2097,쌍용1동
C2098,쌍용2동
C2099,쌍용3동
C2100,백석동
C2101,불당동
C2102,부성1동
C2103,부성2동
C2104,유구읍
C2105,이인면
C2106,탄천면
C2107,계룡면
C2108,반포면
C2109,의당면
C2110,정안면
C2111,우성면
C2112,사곡면
C2113,신풍면
C2114,중학동
C2115,웅진동
C2116,금학동
C2117,옥룡동
C2118,신관동
C2119,월송동
C2120,웅천읍
C2121,주포면
C2122,오천면
C2123,천북면
C2124,청소면
C2125,청라면
C2126,남포면
C2127,주산면
C2128,미산면
C2129,성주면
C2130,주교면
C2131,대천1동
C2132,대천2동
C2133,대천3동
C2134,대천4동
C2135,대천5동
C2136,염치읍
C2137,배방읍
C2138,송악면
C2139,탕정면
C2140,음봉면
C2141,둔포면
C2142,영인면
C2143,인주면
C2144,선장면
C2145,도고면
C2146,신창면
C2147,온양1동
C2148,온양2동
C2149,온양3동
C2150,온양4동
C2151,온양5동
C2152,온양6동
C2153,대산읍
C2154,인지면
C2155,부석면
C2156,팔봉면
C2157,지곡면
C2158,성연면
C2159,음암면
C2160,운산면
C2161,해미면
C2162,고북면
C2163,부춘동
C2164,동문1동
C2165,동문2동
C2166,수석동
C2167,석남동
C2168,강경읍
C2169,연무읍
C2170,성동면
C2171,광석면
C2172,노성면
C2173,상월면
C2174,부적면
C2175,연산면
C2176,벌곡면
C2177,양촌면
C2178,가야곡면
C2179,은진면
C2180,채운면
C2181,취암동
C2182,부창동
C2183,두마면
C2184,엄사면
C2185,신도안면
C2186,금암동
C2187,합덕읍
C2188,송악읍
C2189,고대면
C2190,석문면
C2191,대호지면
C2192,정미면
C2193,면천면
C2194,순성면
C2195,우강면
C2196,신평면
C2197,송산면
C2198,당진1동
C2199,당진2동
C2200,당진3동
C2201,금산읍
C2202,금성면
C2203,제원면
C2204,부리면
C2205,군북면
C2206,남일면
C2207,남이면
C2208,진산면
C2209,복수면
C2210,추부면
C2211,부여읍
C2212,규암면
C2213,은산면
C2214,외산면
C2215,내산면
C2216,구룡면
C2217,홍산면
C2218,옥산면
C2219,남면
C2220,충화면
C2221,양화면
C2222,임천면
C2223,장암면
C2224,세도면
C2225,석성면
C2226,초촌면
C2227,장항읍
C2228,서천읍
C2229,마서면
C2230,화양면
C2231,기산면
C2232,한산면
C2233,마산면
C2234,시초면
C2235,문산면
C2236,판교면
C2237,종천면
C2238,비인면
C2239,서면
C2240,청양읍
C2241,운곡면
C2242,대치면
C2243,정산면
C2244,목면
C2245,청남면
C2246,장평면
C2247,남양면
C2248,화성면
C2249,비봉면
C2250,홍성읍
C2251,광천읍
C2252,홍북읍
C2253,금마면
C2254,홍동면
C2255,장곡면
C2256,은하면
C2257,결성면
C2258,서부면
C2259,갈산면
C2260,구항면
C2261,예산읍
C2262,삽교읍
C2263,대술면
C2264,신양면
C2265,광시면
C2266,대흥면
C2267,응봉면
C2268,덕산면
C2269,봉산면
C2270,고덕면
C2271,신암면
C2272,오가면
C2273,태안읍
C2274,안면읍
C2275,고남면
C2276,남면
C2277,근흥면
C2278,소원면
C2279,원북면
C2280,이원면
C2281,중앙동
C2282,풍남동
C2283,노송동
C2284,완산동
C2285,동서학동
C2286,서서학동
C2287,중화산1동
C2288,중화산2동
C2289,서신동
C2290,평화1동
C2291,평화2동
C2292,삼천1동
C2293,삼천2동
C2294,삼천3동
C2295,효자1동
C2296,효자2동
C2297,효자3동
C2298,효자4동
C2299,진북동
C2300,인후1동
C2301,인후2동
C2302,인후3동
C2303,덕진동
C2304,금암1동
C2305,금암2동
C2306,팔복동
C2307,우아1동
C2308,우아2동
C2309,호성동
C2310,송천1동
C2311,송천2동
C2312,조촌동
C2313,동산동
C2314,옥구읍
C2315,옥산면
C2316,회현면
C2317,임피면
C2318,서수면
C2319,대야면
C2320,개정면
C2321,성산면
C2322,나포면
C2323,옥도면
C2324,옥서면
C2325,해신동
C2326,월명동
C2327,신풍동
C2328,삼학동
C2329,중앙동
C2330,흥남동
C2331,조촌동
C2332,경암동
C2333,구암동
C2334,개정동
C2335,수송동
C2336,나운1동
C2337,나운2동
C2338,나운3동
C2339,소룡동
C2340,미성동
C2341,함열읍
C2342,오산면
C2343,황등면
C2344,함라면
C2345,웅포면
C2346,성당면
C2347,용안면
C2348,낭산면
C2349,망성면
C2350,여산면
C2351,금마면
C2352,왕궁면
C2353,춘포면
C2354,삼기면
C2355,용동면
C2356,중앙동
C2357,평화동
C2358,인화동
C2359,동산동
C2360,마동
C2361,남중동
C2362,모현동
C2363,송학동
C2364,영등1동
C2365,영등2동
C2366,어양동
C2367,신동
C2368,팔봉동
C2369,삼성동
C2370,신태인읍
C2371,북면
C2372,입암면
C2373,소성면
C2374,고부면
C2375,영원면
C2376,덕천면
C2377,이평면
C2378,정우면
C2379,태인면
C2380,감곡면
C2381,옹동면
C2382,칠보면
C2383,산내면
C2384,산외면
C2385,수성동
C2386,장명동
C2387,내장상동
C2388,시기동
C2389,초산동
C2390,연지동
C2391,농소동
C2392,상교동
C2393,운봉읍
C2394,주천면
C2395,수지면
C2396,송동면
C2397,주생면
C2398,금지면
C2399,대강면
C2400,대산면
C2401,사매면
C2402,덕과면
C2403,보절면
C2404,산동면
C2405,이백면
C2406,아영면
C2407,산내면
C2408,인월면
C2409,동충동
C2410,죽항동
C2411,노암동
C2412,금동
C2413,왕정동
C2414,향교동
C2415,도통동
C2416,만경읍
C2417,죽산면
C2418,백산면
C2419,용지면
C2420,백구면
C2421,부량면
C2422,공덕면
C2423,청하면
C2424,성덕면
C2425,진봉면
C2426,금구면
C2427,봉남면
C2428,황산면
C2429,금산면
C2430,광활면
C2431,요촌동
C2432,신풍동
C2433,검산동
C2434,교월동
C2435,삼례읍
C2436,봉동읍
C2437,용진읍
C2438,상관면
C2439,이서면
C2440,소양면
C2441,구이면
C2442,고산면
C2443,비봉면
C2444,운주면
C2445,화산면
C2446,동상면
C2447,경천면
C2448,진안읍
C2449,용담면
C2450,안천면
C2451,동향면
C2452,상전면
C2453,백운면
C2454,성수면
C2455,마령면
C2456,부귀면
C2457,정천면
C2458,주천면
C2459,무주읍
C2460,무풍면
C2461,설천면
C2462,적상면
C2463,안성면
C2464,부남면
C2465,장수읍
C2466,산서면
C2467,번암면
C2468,장계면
C2469,천천면
C2470,계남면
C2471,계북면
C2472,임실읍
C2473,청웅면
C2474,운암면
C2475,신평면
C2476,성수면
C2477,오수면
C2478,신덕면
C2479,삼계면
C2480,관촌면
C2481,강진면
C2482,덕치면
C2483,지사면
C2484,순창읍
C2485,인계면
C2486,동계면
C2487,풍산면
C2488,금과면
C2489,팔덕면
C2490,쌍치면
C2491,복흥면
C2492,적성면
C2493,유등면
C2494,구림면
C2495,고창읍
C2496,고수면
C2497,아산면
C2498,무장면
C2499,공음면
C2500,상하면
C2501,해리면
C2502,성송면
C2503,대산면
C2504,심원면
C2505,흥덕면
C2506,성내면
C2507,신림면
C2508,부안면
C2509,부안읍
C2510,주산면
C2511,동진면
C2512,행안면
C2513,계화면
C2514,보안면
C2515,변산면
C2516,진서면
C2517,백산면
C2518,상서면
C2519,하서면
C2520,줄포면
C2521,위도면
C2522,용당1동
C2523,용당2동
C2524,연동
C2525,산정동
C2526,연산동
C2527,원산동
C2528,대성동
C2529,목원동
C2530,동명동
C2531,삼학동
C2532,만호동
C2533,유달동
C2534,죽교동
C2535,북항동
C2536,용해동
C2537,이로동
C2538,상동
C2539,하당동
C2540,신흥동
C2541,삼향동
C2542,옥암동
C2543,부흥동
C2544,부주동
C2545,돌산읍
C2546,소라면
C2547,율촌면
C2548,화양면
C2549,남면
C2550,화정면
C2551,삼산면
C2552,동문동
C2553,한려동
C2554,중앙동
C2555,충무동
C2556,광림동
C2557,서강동
C2558,대교동
C2559,국동
C2560,월호동
C2561,여서동
C2562,문수동
C2563,미평동
C2564,둔덕동
C2565,만덕동
C2566,쌍봉동
C2567,시전동
C2568,여천동
C2569,주삼동
C2570,삼일동
C2571,묘도동
C2572,승주읍
C2573,해룡면
C2574,서면
C2575,황전면
C2576,월등면
C2577,주암면
C2578,송광면
C2579,외서면
C2580,낙안면
C2581,별량면
C2582,상사면
C2583,향동
C2584,매곡동
C2585,삼산동
C2586,조곡동
C2587,덕연동
C2588,풍덕동
C2589,남제동
C2590,저전동
C2591,장천동
C2592,중앙동
C2593,도사동
C2594,왕조1동
C2595,왕조2동
C2596,남평읍
C2597,세지면
C2598,왕곡면
C2599,반남면
C2600,공산면
C2601,동강면
C2602,다시면
C2603,문평면
C2604,노안면
C2605,금천면
C2606,산포면
C2607,다도면
C2608,봉황면
C2609,송월동
C2610,영강동
C2611,금남동
C2612,성북동
C2613,영산동
C2614,이창동
C2615,빛가람동
C2616,광양읍
C2617,봉강면
C2618,옥룡면
C2619,옥곡면
C2620,진상면
C2621,진월면
C2622,다압면
C2623,골약동
C2624,중마동
C2625,광영동
C2626,금호동
C2627,태인동
C2628,담양읍
C2629,봉산면
C2630,고서면
C2631,남면
C2632,창평면
C2633,대덕면
C2634,무정면
C2635,금성면
C2636,용면
C2637,월산면
C2638,수북면
C2639,대전면
C2640,곡성읍
C2641,오곡면
C2642,삼기면
C2643,석곡면
C2644,목사동면
C2645,죽곡면
C2646,고달면
C2647,옥과면
C2648,입면
C2649,겸면
C2650,오산면
C2651,구례읍
C2652,문척면
C2653,간전면
C2654,토지면
C2655,마산면
C2656,광의면
C2657,용방면
C2658,산동면
C2659,고흥읍
C2660,도양읍
C2661,풍양면
C2662,도덕면
C2663,금산면
C2664,도화면
C2665,포두면
C2666,봉래면
C2667,점암면
C2668,과역면
C2669,남양면
C2670,동강면
C2671,대서면
C2672,두원면
C2673,영남면
C2674,동일면
C2675,보성읍
C2676,벌교읍
C2677,노동면
C2678,미력면
C2679,겸백면
C2680,율어면
C2681,복내면
C2682,문덕면
C2683,조성면
C2684,득량면
C2685,회천면
C2686,웅치면
C2687,화순읍
C2688,한천면
C2689,춘양면
C2690,청풍면
C2691,이양면
C2692,능주면
C2693,도곡면
C2694,도암면
C2695,이서면
C2696,북면
C2697,동복면
C2698,남면
C2699,동면
C2700,장흥읍
C2701,관산읍
C2702,대덕읍
C2703,용산면
C2704,안양면
C2705,장동면
C2706,장평면
C2707,유치면
C2708,부산면
C2709,회진면
C2710,강진읍
C2711,군동면
C2712,칠량면
C2713,대구면
C2714,도암면
C2715,신전면
C2716,성전면
C2717,작천면
C2718,병영면
C2719,옴천면
C2720,마량면
C2721,해남읍
C2722,삼산면
C2723,화산면
C2724,현산면
C2725,송지면
C2726,북평면
C2727,북일면
C2728,옥천면
C2729,계곡면
C2730,마산면
C2731,황산면
C2732,산이면
C2733,문내면
C2734,화원면
C2735,영암읍
C2736,삼호읍
C2737,덕진면
C2738,금정면
C2739,신북면
C2740,시종면
C2741,도포면
C2742,군서면
C2743,서호면
C2744,학산면
C2745,미암면
C2746,무안읍
C2747,일로읍
C2748,삼향읍
C2749,몽탄면
C2750,청계면
C2751,현경면
C2752,망운면
C2753,해제면
C2754,운남면
C2755,함평읍
C2756,손불면
C2757,신광면
C2758,학교면
C2759,엄다면
C2760,대동면
C2761,나산면
C2762,해보면
C2763,월야면
C2764,영광읍
C2765,백수읍
C2766,홍농읍
C2767,대마면
C2768,묘량면
C2769,불갑면
C2770,군서면
C2771,군남면
C2772,염산면
C2773,법성면
C2774,낙월면
C2775,장성읍
C2776,진원면
C2777,남면
C2778,동화면
C2779,삼서면
C2780,삼계면
C2781,황룡면
C2782,서삼면
C2783,북일면
C2784,북이면
C2785,북하면
C2786,완도읍
C2787,금일읍
C2788,노화읍
C2789,군외면
C2790,신지면
C2791,고금면
C2792,약산면
C2793,청산면
C2794,소안면
C2795,금당면
C2796,보길면
C2797,생일면
C2798,진도읍
C2799,군내면
C2800,고군면
C2801,의신면
C2802,임회면
C2803,지산면
C2804,조도면
C2805,지도읍
C2806,증도면
C2807,임자면
C2808,자은면
C2809,비금면
C2810,도초면
C2811,흑산면
C2812,하의면
C2813,신의면
C2814,장산면
C2815,안좌면
C2816,팔금면
C2817,암태면
C2818,압해읍
C2819,구룡포읍
C2820,연일읍
C2821,오천읍
C2822,대송면
C2823,동해면
C2824,장기면
C2825,호미곶면
C2826,상대동
C2827,해도동
C2828,송도동
C2829,청림동
C2830,제철동
C2831,효곡동
C2832,대이동
C2833,흥해읍
C2834,신광면
C2835,청하면
C2836,송라면
C2837,기계면
C2838,죽장면
C2839,기북면
C2840,중앙동
C2841,양학동
C2842,죽도동
C2843,용흥동
C2844,우창동
C2845,두호동
C2846,장량동
C2847,환여동
C2848,감포읍
C2849,안강읍
C2850,건천읍
C2851,외동읍
C2852,양북면
C2853,양남면
C2854,내남면
C2855,산내면
C2856,서면
C2857,현곡면
C2858,강동면
C2859,천북면
C2860,중부동
C2861,황오동
C2862,성건동
C2863,황남동
C2864,선도동
C2865,월성동
C2866,용강동
C2867,황성동
C2868,동천동
C2869,불국동
C2870,보덕동
C2871,아포읍
C2872,농소면
C2873,남면
C2874,개령면
C2875,감문면
C2876,어모면
C2877,봉산면
C2878,대항면
C2879,감천면
C2880,조마면
C2881,구성면
C2882,지례면
C2883,부항면
C2884,대덕면
C2885,증산면
C2886,자산동
C2887,평화남산동
C2888,양금동
C2889,대신동
C2890,대곡동
C2891,지좌동
C2892,율곡동
C2893,풍산읍
C2894,와룡면
C2895,북후면
C2896,서후면
C2897,풍천면
C2898,일직면
C2899,남후면
C2900,남선면
C2901,임하면
C2902,길안면
C2903,임동면
C2904,예안면
C2905,도산면
C2906,녹전면
C2907,중구동
C2908,명륜동
C2909,용상동
C2910,서구동
C2911,태화동
C2912,평화동
C2913,안기동
C2914,옥동
C2915,송하동
C2916,강남동
C2917,선산읍
C2918,고아읍
C2919,무을면
C2920,옥성면
C2921,도개면
C2922,해평면
C2923,산동면
C2924,장천면
C2925,송정동
C2926,원평1동
C2927,원평2동
C2928,도량동
C2929,지산동
C2930,선주원남동
C2931,형곡1동
C2932,형곡2동
C2933,신평1동
C2934,신평2동
C2935,비산동
C2936,공단1동
C2937,공단2동
C2938,광평동
C2939,상모사곡동
C2940,임오동
C2941,인동동
C2942,진미동
C2943,양포동
C2944,풍기읍
C2945,이산면
C2946,평은면
C2947,문수면
C2948,장수면
C2949,안정면
C2950,봉현면
C2951,순흥면
C2952,단산면
C2953,부석면
C2954,상망동
C2955,하망동
C2956,영주1동
C2957,영주2동
C2958,휴천1동
C2959,휴천2동
C2960,휴천3동
C2961,가흥1동
C2962,가흥2동
C2963,금호읍
C2964,청통면
C2965,신녕면
C2966,화산면
C2967,화북면
C2968,화남면
C2969,자양면
C2970,임고면
C2971,고경면
C2972,북안면
C2973,대창면
C2974,동부동
C2975,중앙동
C2976,서부동
C2977,완산동
C2978,남부동
C2979,함창읍
C2980,중동면
C2981,사벌면
C2982,낙동면
C2983,청리면
C2984,공성면
C2985,외남면
C2986,내서면
C2987,모동면
C2988,모서면
C2989,화동면
C2990,화서면
C2991,화북면
C2992,외서면
C2993,은척면
C2994,공검면
C2995,이안면
C2996,화남면
C2997,남원동
C2998,북문동
C2999,계림동
C3000,동문동
C3001,동성동
C3002,신흥동
C3003,문경읍
C3004,가은읍
C3005,영순면
C3006,산양면
C3007,호계면
C3008,산북면
C3009,동로면
C3010,마성면
C3011,농암면
C3012,점촌1동
C3013,점촌2동
C3014,점촌3동
C3015,점촌4동
C3016,점촌5동
C3017,하양읍
C3018,진량읍
C3019,와촌면
C3020,자인면
C3021,용성면
C3022,남산면
C3023,압량면
C3024,남천면
C3025,중방동
C3026,중앙동
C3027,남부동
C3028,서부1동
C3029,서부2동
C3030,북부동
C3031,동부동
C3032,군위읍
C3033,소보면
C3034,효령면
C3035,부계면
C3036,우보면
C3037,의흥면
C3038,산성면
C3039,고로면
C3040,의성읍
C3041,단촌면
C3042,점곡면
C3043,옥산면
C3044,사곡면
C3045,춘산면
C3046,가음면
C3047,금성면
C3048,봉양면
C3049,비안면
C3050,구천면
C3051,단밀면
C3052,단북면
C3053,안계면
C3054,다인면
C3055,신평면
C3056,안평면
C3057,안사면
C3058,청송읍
C3059,부동면
C3060,부남면
C3061,현동면
C3062,현서면
C3063,안덕면
C3064,파천면
C3065,진보면
C3066,영양읍
C3067,입암면
C3068,청기면
C3069,일월면
C3070,수비면
C3071,석보면
C3072,영덕읍
C3073,강구면
C3074,남정면
C3075,달산면
C3076,지품면
C3077,축산면
C3078,영해면
C3079,병곡면
C3080,창수면
C3081,화양읍
C3082,청도읍
C3083,각남면
C3084,풍각면
C3085,각북면
C3086,이서면
C3087,운문면
C3088,금천면
C3089,매전면
C3090,대가야읍
C3091,덕곡면
C3092,운수면
C3093,성산면
C3094,다산면
C3095,개진면
C3096,우곡면
C3097,쌍림면
C3098,성주읍
C3099,선남면
C3100,용암면
C3101,수륜면
C3102,가천면
C3103,금수면
C3104,대가면
C3105,벽진면
C3106,초전면
C3107,월항면
C3108,왜관읍
C3109,북삼읍
C3110,석적읍
C3111,지천면
C3112,동명면
C3113,가산면
C3114,약목면
C3115,기산면
C3116,예천읍
C3117,용문면
C3118,효자면
C3119,은풍면
C3120,감천면
C3121,보문면
C3122,호명면
C3123,유천면
C3124,용궁면
C3125,개포면
C3126,지보면
C3127,풍양면
C3128,봉화읍
C3129,물야면
C3130,봉성면
C3131,법전면
C3132,춘양면
C3133,소천면
C3134,재산면
C3135,명호면
C3136,상운면
C3137,석포면
C3138,울진읍
C3139,평해읍
C3140,북면
C3141,근남면
C3142,기성면
C3143,온정면
C3144,죽변면
C3145,후포면
C3146,금강송면
C3147,매화면
C3148,울릉읍
C3149,서면
C3150,북면
C3151,독도
C3152,동읍
C3153,북면
C3154,대산면
C3155,의창동
C3156,팔룡동
C3157,명곡동
C3158,봉림동
C3159,용지동
C3160,반송동
C3161,중앙동
C3162,상남동
C3163,사파동
C3164,가음정동
C3165,성주동
C3166,웅남동
C3167,구산면
C3168,진동면
C3169,진북면
C3170,진전면
C3171,현동
C3172,가포동
C3173,월영동
C3174,문화동
C3175,중앙동
C3176,완월동
C3177,자산동
C3178,교방동
C3179,노산동
C3180,오동동
C3181,합포동
C3182,산호동
C3183,내서읍
C3184,회원1동
C3185,회원2동
C3186,석전동
C3187,회성동
C3188,양덕1동
C3189,양덕2동
C3190,합성1동
C3191,합성2동
C3192,구암1동
C3193,구암2동
C3194,봉암동
C3195,중앙동
C3196,태평동
C3197,충무동
C3198,여좌동
C3199,태백동
C3200,경화동
C3201,병암동
C3202,석동
C3203,이동
C3204,자은동
C3205,덕산동
C3206,풍호동
C3207,웅천동
C3208,웅동1동
C3209,웅동2동
C3210,문산읍
C3211,내동면
C3212,정촌면
C3213,금곡면
C3214,진성면
C3215,일반성면
C3216,이반성면
C3217,사봉면
C3218,지수면
C3219,대곡면
C3220,금산면
C3221,집현면
C3222,미천면
C3223,명석면
C3224,대평면
C3225,수곡면
C3226,천전동
C3227,성북동
C3228,중앙동
C3229,상봉동
C3230,상대동
C3231,하대동
C3232,상평동
C3233,초장동
C3234,평거동
C3235,신안동
C3236,이현동
C3237,판문동
C3238,가호동
C3239,충무공동
C3240,산양읍
C3241,용남면
C3242,도산면
C3243,광도면
C3244,욕지면
C3245,한산면
C3246,사량면
C3247,도천동
C3248,명정동
C3249,중앙동
C3250,정량동
C3251,북신동
C3252,미수동
C3253,봉평동
C3254,무전동
C3255,사천읍
C3256,정동면
C3257,사남면
C3258,용현면
C3259,축동면
C3260,곤양면
C3261,곤명면
C3262,서포면
C3263,동서동
C3264,선구동
C3265,동서금동
C3266,벌룡동
C3267,향촌동
C3268,남양동
C3269,진영읍
C3270,주촌면
C3271,진례면
C3272,한림면
C3273,생림면
C3274,상동면
C3275,대동면
C3276,동상동
C3277,회현동
C3278,부원동
C3279,내외동
C3280,북부동
C3281,칠산서부동
C3282,활천동
C3283,삼안동
C3284,불암동
C3285,장유1동
C3286,장유2동
C3287,장유3동
C3288,삼랑진읍
C3289,하남읍
C3290,부북면
C3291,상동면
C3292,산외면
C3293,산내면
C3294,단장면
C3295,상남면
C3296,초동면
C3297,무안면
C3298,청도면
C3299,내일동
C3300,내이동
C3301,삼문동
C3302,가곡동
C3303,교동
C3304,일운면
C3305,동부면
C3306,남부면
C3307,거제면
C3308,둔덕면
C3309,사등면
C3310,연초면
C3311,하청면
C3312,장목면
C3313,장승포동
C3314,능포동
C3315,아주동
C3316,옥포1동
C3317,옥포2동
C3318,장평동
C3319,고현동
C3320,상문동
C3321,수양동
C3322,물금읍
C3323,동면
C3324,원동면
C3325,상북면
C3326,하북면
C3327,중앙동
C3328,양주동
C3329,삼성동
C3330,강서동
C3331,서창동
C3332,소주동
C3333,평산동
C3334,덕계동
C3335,의령읍
C3336,가례면
C3337,칠곡면
C3338,대의면
C3339,화정면
C3340,용덕면
C3341,정곡면
C3342,지정면
C3343,낙서면
C3344,부림면
C3345,봉수면
C3346,궁류면
C3347,유곡면
C3348,가야읍
C3349,칠원읍
C3350,함안면
C3351,군북면
C3352,법수면
C3353,대산면
C3354,칠서면
C3355,칠북면
C3356,산인면
C3357,여항면
C3358,창녕읍
C3359,남지읍
C3360,고암면
C3361,성산면
C3362,대합면
C3363,이방면
C3364,유어면
C3365,대지면
C3366,계성면
C3367,영산면
C3368,장마면
C3369,도천면
C3370,길곡면
C3371,부곡면
C3372,고성읍
C3373,삼산면
C3374,하일면
C3375,하이면
C3376,상리면
C3377,대가면
C3378,영현면
C3379,영오면
C3380,개천면
C3381,구만면
C3382,회화면
C3383,마암면
C3384,동해면
C3385,거류면
C3386,남해읍
C3387,이동면
C3388,상주면
C3389,삼동면
C3390,미조면
C3391,남면
C3392,서면
C3393,고현면
C3394,설천면
C3395,창선면
C3396,하동읍
C3397,화개면
C3398,악양면
C3399,적량면
C3400,횡천면
C3401,고전면
C3402,금남면
C3403,진교면
C3404,양보면
C3405,북천면
C3406,청암면
C3407,옥종면
C3408,금성면
C3409,산청읍
C3410,차황면
C3411,오부면
C3412,생초면
C3413,금서면
C3414,삼장면
C3415,시천면
C3416,단성면
C3417,신안면
C3418,생비량면
C3419,신등면
C3420,함양읍
C3421,마천면
C3422,휴천면
C3423,유림면
C3424,수동면
C3425,지곡면
C3426,안의면
C3427,서하면
C3428,서상면
C3429,백전면
C3430,병곡면
C3431,거창읍
C3432,주상면
C3433,웅양면
C3434,고제면
C3435,북상면
C3436,위천면
C3437,마리면
C3438,남상면
C3439,남하면
C3440,신원면
C3441,가조면
C3442,가북면
C3443,합천읍
C3444,봉산면
C3445,묘산면
C3446,가야면
C3447,야로면
C3448,율곡면
C3449,초계면
C3450,쌍책면
C3451,덕곡면
C3452,청덕면
C3453,적중면
C3454,대양면
C3455,쌍백면
C3456,삼가면
C3457,가회면
C3458,대병면
C3459,용주면
C3460,한림읍
C3461,애월읍
C3462,구좌읍
C3463,조천읍
C3464,한경면
C3465,추자면
C3466,우도면
C3467,일도1동
C3468,일도2동
C3469,이도1동
C3470,이도2동
C3471,삼도1동
C3472,삼도2동
C3473,용담1동
C3474,용담2동
C3475,건입동
C3476,화북동
C3477,삼양동
C3478,봉개동
C3479,아라동
C3480,오라동
C3481,연동
C3482,노형동
C3483,외도동
C3484,이호동
C3485,도두동
C3486,대정읍/마라도포함
C3487,남원읍
C3488,성산읍
C3489,안덕면
C3490,표선면
C3491,송산동
C3492,정방동
C3493,중앙동
C3494,천지동
C3495,효돈동
C3496,영천동
C3497,동홍동
C3498,서홍동
C3499,대륜동
C3500,대천동
C3501,중문동
C3502,예래동
C3503,이어도
